bundle,metric,claimed,recomputed,verdict
mandatory_checked,calls,23,23,match
mandatory_checked,tokens,36663,36663,match
mandatory_checked,cost,0.012201078,0.012201078,match
mandatory_checked,latency_s,36.311,36.311,match
mandatory_checked,jev.calls,15,15,match
mandatory_checked,jev.tokens,31700,31700,match
mandatory_checked,jev.cost,0.001298178,0.001298178,match
mandatory_checked,checker.calls,5,5,match
mandatory_checked,checker.tokens,3038,3038,match
mandatory_checked,checker.cost,0.010548,0.010548,match
mandatory_checked,worker.calls,3,3,match
mandatory_checked,worker.tokens,1925,1925,match
mandatory_checked,worker.cost,0.0003549,0.0003549,match
mandatory_single_sol,calls,1,1,match
mandatory_single_sol,tokens,431,431,match
mandatory_single_sol,cost,0.001726,0.001726,match
mandatory_single_sol,latency_s,4.297,4.297,match
conditional_first,calls,13,13,match
conditional_first,tokens,25651,25651,match
conditional_first,cost,0.00312019,0.00312019,match
conditional_first,jev.calls,10,10,match
conditional_first,jev.tokens,23812,23812,match
conditional_first,jev.cost,0.00097209,0.00097209,match
conditional_first,worker.calls,3,3,match
conditional_first,worker.tokens,1839,1839,match
conditional_first,worker.cost,0.0021481,0.0021481,match
conditional_hardened,calls,13,13,match
conditional_hardened,tokens,25510,25510,match
conditional_hardened,cost,0.006413654,0.006413654,match
conditional_hardened,latency_s,13.499,13.499,match
conditional_hardened,jev.calls,10,10,match
conditional_hardened,jev.tokens,23752,23752,match
conditional_hardened,jev.cost,0.000969654,0.000969654,match
conditional_hardened,worker.calls,3,3,match
conditional_hardened,worker.tokens,1758,1758,match
conditional_hardened,worker.cost,0.005444,0.005444,match
fast_exit_initial,calls,1,1,match
fast_exit_initial,tokens,889,889,match
fast_exit_initial,cost,3.423e-05,3.423e-05,match
fast_exit_compact,calls,1,1,match
fast_exit_compact,tokens,716,716,match
fast_exit_compact,cost,2.6964e-05,2.6964e-05,match
mandatory_attempt_A_provider_filtered,cost,9.3534e-05,,unverifiable_from_raw
mandatory_attempt_B_jev_stop,calls,7,7,match
mandatory_attempt_B_jev_stop,cost,0.002400746,0.002400746,match
baseline_attempt_A_schema_mismatch,calls,1,1,match
baseline_attempt_A_schema_mismatch,cost,0.002172,0.002172,match
historical_eval_arm_A,calls,12,12,match
historical_eval_arm_A,tokens,34942,34942,match
historical_eval_arm_A,cost,0.25523625,0.25523625,match
historical_eval_arm_B,calls,40,40,match
historical_eval_arm_B,tokens,131388,131388,match
historical_eval_arm_B,cost,0.230692994,0.230692994,match
historical_eval_arm_B,jev.calls,26,26,match
historical_eval_arm_B,jev.tokens,106358,106358,match
historical_eval_arm_B,jev.cost,0.004225494,0.004225494,match
historical_eval_arm_B,worker.calls,14,14,match
historical_eval_arm_B,worker.tokens,25030,25030,match
historical_development,cost,0.042355456,0.042355456,match
