bundle,call,phase,options,nonterminal_options,vacuous,choice,p_choice,confidence,tokens,input_tokens,cost,latency_ms,deterministic_unit_gate,unit
mandatory_checked,call-1,authorize_unit,2,1,true,compute,0.98,0.96,1029,998,4.1916e-05,703.0,true,input
mandatory_checked,call-2,authorize_checker,2,1,true,check,0.86,0.72,1311,1280,5.376e-05,453.0,true,input
mandatory_checked,call-4,after_sol_high,5,3,false,forward,0.9,0.87,1564,1508,6.3336e-05,406.0,true,input
mandatory_checked,call-5,authorize_unit,9,8,false,luna_low,0.59,0.53,3370,3272,0.000137424,422.0,false,hidden1
mandatory_checked,call-7,authorize_checker,2,1,true,check,0.59,0.17,1611,1580,6.636e-05,500.0,false,hidden1
mandatory_checked,call-9,after_sol_high,5,3,false,forward,0.96,0.95,1867,1811,7.6062e-05,390.0,false,hidden1
mandatory_checked,call-10,authorize_unit,2,1,true,compute,1,1,1594,1563,6.5646e-05,438.0,true,hidden2
mandatory_checked,call-11,authorize_checker,2,1,true,check,0.85,0.69,1735,1704,7.1568e-05,1500.0,true,hidden2
mandatory_checked,call-13,after_sol_high,5,3,false,forward,0.99,0.98,2014,1958,8.2236e-05,437.0,true,hidden2
mandatory_checked,call-14,authorize_unit,9,8,false,luna_low,0.51,0.44,3710,3612,0.000151704,516.0,false,hidden3
mandatory_checked,call-16,authorize_checker,2,1,true,check,0.94,0.89,1958,1927,8.0934e-05,406.0,false,hidden3
mandatory_checked,call-18,after_sol_high,5,3,false,forward,0.99,0.99,2215,2159,9.0678e-05,578.0,false,hidden3
mandatory_checked,call-19,authorize_unit,9,8,false,luna_low,0.52,0.45,3675,3577,0.000150234,422.0,false,output
mandatory_checked,call-21,authorize_checker,2,1,true,check,0.91,0.82,1895,1864,7.8288e-05,375.0,false,output
mandatory_checked,call-23,after_sol_high,5,3,false,forward,0.99,0.98,2152,2096,8.8032e-05,375.0,false,output
conditional_first,call-1,authorize_unit,2,1,true,compute,0.99,0.97,1029,998,4.1916e-05,719.0,true,input
conditional_first,call-2,after_worker,5,3,false,forward,0.87,0.85,1621,1564,6.5688e-05,375.0,true,input
conditional_first,call-3,authorize_unit,9,8,false,luna_low,0.55,0.49,3380,3282,0.000137844,390.0,false,hidden1
conditional_first,call-5,after_worker,6,4,false,forward,0.76,0.71,1974,1908,8.0136e-05,391.0,false,hidden1
conditional_first,call-6,authorize_unit,2,1,true,compute,1,0.99,1614,1583,6.6486e-05,453.0,true,hidden2
conditional_first,call-7,after_worker,5,3,false,forward,0.91,0.87,2064,2007,8.4294e-05,390.0,true,hidden2
conditional_first,call-8,authorize_unit,9,8,false,sol_low,0.56,0.49,3739,3642,0.000152964,422.0,false,hidden3
conditional_first,call-10,after_worker,6,4,false,forward,0.97,0.96,2359,2293,9.6306e-05,484.0,false,hidden3
conditional_first,call-11,authorize_unit,9,8,false,luna_low,0.5,0.43,3730,3632,0.000152544,422.0,false,output
conditional_first,call-13,after_worker,6,4,false,forward,0.97,0.97,2302,2236,9.3912e-05,422.0,false,output
conditional_hardened,call-1,authorize_unit,2,1,true,compute,0.98,0.96,1029,998,4.1916e-05,719.0,true,input
conditional_hardened,call-2,after_worker,5,3,false,forward,0.87,0.84,1621,1564,6.5688e-05,500.0,true,input
conditional_hardened,call-3,authorize_unit,9,8,false,sol_low,0.5,0.44,3379,3282,0.000137844,390.0,false,hidden1
conditional_hardened,call-5,after_worker,6,4,false,forward,0.75,0.71,1967,1901,7.9842e-05,438.0,false,hidden1
conditional_hardened,call-6,authorize_unit,2,1,true,compute,1,1,1611,1580,6.636e-05,375.0,true,hidden2
conditional_hardened,call-7,after_worker,5,3,false,forward,0.92,0.89,2062,2005,8.421e-05,421.0,true,hidden2
conditional_hardened,call-8,authorize_unit,9,8,false,sol_low,0.51,0.44,3738,3641,0.000152922,359.0,false,hidden3
conditional_hardened,call-10,after_worker,6,4,false,forward,0.93,0.92,2338,2272,9.5424e-05,454.0,false,hidden3
conditional_hardened,call-11,authorize_unit,9,8,false,sol_low,0.5700000000000001,0.51,3695,3598,0.000151116,468.0,false,output
conditional_hardened,call-13,after_worker,6,4,false,forward,0.91,0.89,2312,2246,9.4332e-05,407.0,false,output
